,,,,,,,,,"Survey","Participant","Question 1"
,,,,,,,,,,"Question Text","Thank you for completing the Mind Wandering Assessment portion of our experiment!Below is the link to the final survey which should take about 15-20 minutes to complete. You must complete the final survey within the next 2 days to receive the $4 bonus. Note: If you have already completed the final survey, please disregard this message.https://adelphiderner.qualtrics.com/jfe/form/SV_3JfpYVRIhGVcv6S?EID=ExpiwellId"
,,,,,,,,,,"Response Type","Instruction"
"Start Date","End Date","Time Scheduled","Duration (in seconds)","Finished","Participant ID","Location - Lat","Location - Long","No Login","ip address","Choices",
"05/04/2024 02:22AM","05/04/2024 02:22AM","05/03/2024 09:00PM - 05/05/2024 12:00PM",13.851,"Yes","662c23eb984be5dc85b1f907",,,"no","10.191.173.36","Participant 37","https://adelphiderner.qualtrics.com/jfe/form/SV_3JfpYVRIhGVcv6S?EID=662c23eb984be5dc85b1f907"
"05/05/2024 12:25PM","05/05/2024 12:25PM","05/05/2024 12:00PM - 05/05/2024 11:59PM",7.947,"Yes","662c1a3e984be5dc85b1ac7c",,,"no","100.117.134.154","Participant 38","https://adelphiderner.qualtrics.com/jfe/form/SV_3JfpYVRIhGVcv6S?EID=662c1a3e984be5dc85b1ac7c"
"05/09/2024 09:25PM","05/09/2024 09:25PM","05/09/2024 09:00PM - 05/11/2024 12:00PM",11.668,"Yes","6633d9a6d05d24da8bf2f215",,,"no","192.168.86.248","Participant 39","https://adelphiderner.qualtrics.com/jfe/form/SV_3JfpYVRIhGVcv6S?EID=6633d9a6d05d24da8bf2f215"
"05/11/2024 12:00PM","05/11/2024 12:00PM","05/11/2024 12:00PM - 05/11/2024 11:59PM",10.681,"Yes","6633d9a6d05d24da8bf2f215",,,"no","192.168.86.248","Participant 39","https://adelphiderner.qualtrics.com/jfe/form/SV_3JfpYVRIhGVcv6S?EID=6633d9a6d05d24da8bf2f215"
"05/09/2024 09:00PM","05/09/2024 09:00PM","05/09/2024 09:00PM - 05/11/2024 12:00PM",7.389,"Yes","663413e56d0b687e4df00efd","0.0","0.0","no","2600:100b:1115:1f7e:8837:ab20:cad9:3a1c","Participant 40",
"05/11/2024 12:10PM","05/11/2024 12:10PM","05/11/2024 12:00PM - 05/11/2024 11:59PM",4.568,"Yes","663413e56d0b687e4df00efd","0.0","0.0","no","fd67:fdc8:8eb2:dd4c:c1f:35fd:83d3:ff50","Participant 40",
"05/13/2024 09:02PM","05/13/2024 09:03PM","05/13/2024 09:00PM - 05/15/2024 12:00PM",20.599,"Yes","66394fd7442523ed8761623e",,,"no","192.168.4.28","Participant 42","https://adelphiderner.qualtrics.com/jfe/form/SV_3JfpYVRIhGVcv6S?EID=66394fd7442523ed8761623e"
"05/14/2024 10:41PM","05/14/2024 10:41PM","05/14/2024 09:00PM - 05/16/2024 12:00PM",23.214,"Yes","66312194984be5dc85d0715e","0.0","0.0","no","2600:1014:113e:a0b3:31dc:72a0:3f3:b451","Participant 43",
"05/16/2024 12:00PM","05/16/2024 12:00PM","05/16/2024 12:00PM - 05/16/2024 11:59PM",15.715,"Yes","66312194984be5dc85d0715e","0.0","0.0","no","192.168.1.12","Participant 43",
"05/14/2024 09:12PM","05/14/2024 09:12PM","05/14/2024 09:00PM - 05/16/2024 12:00PM",7.545,"Yes","663a54d2442523ed87656159","0.0","0.0","no","10.174.189.168","Participant 45",
"05/16/2024 12:07PM","05/16/2024 12:08PM","05/16/2024 12:00PM - 05/16/2024 11:59PM",17.001,"Yes","663a54d2442523ed87656159","0.0","0.0","no","10.174.189.168","Participant 45",
"05/15/2024 11:31PM","05/15/2024 11:32PM","05/15/2024 09:00PM - 05/17/2024 12:00PM",36.511,"Yes","6634a747442523ed875237c9",,,"no","10.186.207.107","Participant 46","https://adelphiderner.qualtrics.com/jfe/form/SV_3JfpYVRIhGVcv6S?EID=6634a747442523ed875237c9"
"05/17/2024 12:30PM","05/17/2024 12:30PM","05/17/2024 12:00PM - 05/17/2024 11:59PM",21.265,"Yes","6634a747442523ed875237c9",,,"no","172.16.0.2","Participant 46","https://adelphiderner.qualtrics.com/jfe/form/SV_3JfpYVRIhGVcv6S?EID=6634a747442523ed875237c9"
"05/14/2024 09:02PM","05/14/2024 09:03PM","05/14/2024 09:00PM - 05/16/2024 12:00PM",20.402,"Yes","663a507e390031c62139088b","0.0","0.0","no","2601:404:cb83:9b80::18a3","Participant 47",
"05/16/2024 12:02PM","05/16/2024 12:02PM","05/16/2024 12:00PM - 05/16/2024 11:59PM",11.532,"Yes","663a507e390031c62139088b","0.0","0.0","no","2601:404:cb83:9b80::18a3","Participant 47",
"05/14/2024 09:02PM","05/14/2024 09:02PM","05/14/2024 09:00PM - 05/16/2024 12:00PM",20.532,"Yes","663a4d52390031c62138f480","0.0","0.0","no","192.168.1.150","Participant 48",
"05/16/2024 12:00PM","05/16/2024 12:00PM","05/16/2024 12:00PM - 05/16/2024 11:59PM",9.537,"Yes","663a4d52390031c62138f480","0.0","0.0","no","192.168.1.150","Participant 48",
"05/16/2024 10:05AM","05/16/2024 10:06AM","05/15/2024 09:00PM - 05/17/2024 12:00PM",48.28,"Yes","663aab67390031c6213afec3","0.0","0.0","no","2607:fc20:3f5f:a3a8:b0be:35a2:3dae:4148","Participant 49",
"05/15/2024 11:32PM","05/15/2024 11:32PM","05/15/2024 09:00PM - 05/17/2024 12:00PM",13.412,"Yes","663a9518390031c6213a93b9",,,"no","192.168.1.82","Participant 50","https://adelphiderner.qualtrics.com/jfe/form/SV_3JfpYVRIhGVcv6S?EID=663a9518390031c6213a93b9"
"05/17/2024 06:34PM","05/17/2024 06:34PM","05/17/2024 12:00PM - 05/17/2024 11:59PM",16.232,"Yes","663a9518390031c6213a93b9",,,"no","192.168.211.61","Participant 50","https://adelphiderner.qualtrics.com/jfe/form/SV_3JfpYVRIhGVcv6S?EID=663a9518390031c6213a93b9"
"05/16/2024 09:18AM","05/16/2024 10:04AM","05/15/2024 09:00PM - 05/17/2024 12:00PM",2750.666,"Yes","663bb654390031c6213ff420",,,"no","172.20.10.3","Participant 51","https://adelphiderner.qualtrics.com/jfe/form/SV_3JfpYVRIhGVcv6S?EID=663bb654390031c6213ff420"
"05/17/2024 01:49PM","05/17/2024 01:49PM","05/17/2024 12:00PM - 05/17/2024 11:59PM",11.973,"Yes","663bb654390031c6213ff420",,,"no","192.168.0.118","Participant 51","https://adelphiderner.qualtrics.com/jfe/form/SV_3JfpYVRIhGVcv6S?EID=663bb654390031c6213ff420"
"05/17/2024 01:30PM","05/17/2024 01:30PM","05/17/2024 12:00PM - 05/17/2024 11:59PM",7.698,"Yes","663be870442523ed876d25df",,,"no","192.0.0.2","Participant 52","https://adelphiderner.qualtrics.com/jfe/form/SV_3JfpYVRIhGVcv6S?EID=663be870442523ed876d25df"
"05/16/2024 09:32PM","05/16/2024 09:32PM","05/16/2024 09:00PM - 05/18/2024 12:00PM",11.078,"Yes","663c2daa442523ed876f0873","0.0","0.0","no","2600:1702:1610:c5f0::46","Participant 53",
"05/18/2024 12:28PM","05/18/2024 12:28PM","05/18/2024 12:00PM - 05/18/2024 11:59PM",10.259,"Yes","663c2daa442523ed876f0873","0.0","0.0","no","2600:1702:1610:c5f0::3e","Participant 53",
"05/17/2024 09:07PM","05/17/2024 09:07PM","05/17/2024 09:00PM - 05/19/2024 12:00PM",21.205,"Yes","663e3160390031c6214b9c6d",,,"no","10.5.116.9","Participant 55","https://adelphiderner.qualtrics.com/jfe/form/SV_3JfpYVRIhGVcv6S?EID=663e3160390031c6214b9c6d"
"05/19/2024 12:02PM","05/19/2024 12:02PM","05/19/2024 12:00PM - 05/19/2024 11:59PM",6.617,"Yes","663e3160390031c6214b9c6d",,,"no","192.168.1.109","Participant 55","https://adelphiderner.qualtrics.com/jfe/form/SV_3JfpYVRIhGVcv6S?EID=663e3160390031c6214b9c6d"
"05/17/2024 09:00PM","05/17/2024 09:00PM","05/17/2024 09:00PM - 05/19/2024 12:00PM",12.136,"Yes","663e5d89390031c6214ce390","0.0","0.0","no","192.168.1.18","Participant 57",
"05/19/2024 05:38PM","05/19/2024 05:38PM","05/19/2024 12:00PM - 05/19/2024 11:59PM",7.997,"Yes","663e5d89390031c6214ce390","0.0","0.0","no","192.168.1.18","Participant 57",
"05/18/2024 11:27AM","05/18/2024 11:28AM","05/17/2024 09:00PM - 05/19/2024 12:00PM",37.164,"Yes","663e4916442523ed87787cf4",,,"no","10.40.160.179","Participant 58","https://adelphiderner.qualtrics.com/jfe/form/SV_3JfpYVRIhGVcv6S?EID=663e4916442523ed87787cf4"
"05/19/2024 01:51AM","05/19/2024 01:51AM","05/18/2024 09:00PM - 05/20/2024 12:00PM",13.533,"Yes","663e6001390031c6214cf2b0",,,"no","172.16.0.2","Participant 59","https://adelphiderner.qualtrics.com/jfe/form/SV_3JfpYVRIhGVcv6S?EID=663e6001390031c6214cf2b0"
"05/20/2024 01:01PM","05/20/2024 01:01PM","05/20/2024 12:00PM - 05/20/2024 11:59PM",17.114,"Yes","663e6001390031c6214cf2b0",,,"no","172.16.0.2","Participant 59","https://adelphiderner.qualtrics.com/jfe/form/SV_3JfpYVRIhGVcv6S?EID=663e6001390031c6214cf2b0"
"05/22/2024 12:14PM","05/22/2024 12:24PM","05/22/2024 12:00PM - 05/22/2024 11:59PM",584.677,"Yes","663bafb9390031c6213fcd13",,,"no","10.142.249.38","Participant 60","https://adelphiderner.qualtrics.com/jfe/form/SV_3JfpYVRIhGVcv6S?EID=663bafb9390031c6213fcd13"
"05/22/2024 02:39AM","05/22/2024 02:39AM","05/21/2024 09:00PM - 05/23/2024 12:00PM",22.139,"Yes","6642bddb442523ed878d8c05",,,"no","192.168.0.5","Participant 61","https://adelphiderner.qualtrics.com/jfe/form/SV_3JfpYVRIhGVcv6S?EID=6642bddb442523ed878d8c05"
"05/22/2024 01:36PM","05/22/2024 01:36PM","05/21/2024 09:00PM - 05/23/2024 12:00PM",11.4,"Yes","6642d2b9390031c62161d516",,,"no","10.67.249.10","Participant 62","https://adelphiderner.qualtrics.com/jfe/form/SV_3JfpYVRIhGVcv6S?EID=6642d2b9390031c62161d516"
"05/21/2024 09:08PM","05/21/2024 09:09PM","05/21/2024 09:00PM - 05/23/2024 12:00PM",21.024,"Yes","6643742f442523ed879005d1",,,"no","10.0.0.14","Participant 63","https://adelphiderner.qualtrics.com/jfe/form/SV_3JfpYVRIhGVcv6S?EID=6643742f442523ed879005d1"
"05/22/2024 11:19AM","05/22/2024 11:19AM","05/21/2024 09:00PM - 05/23/2024 12:00PM",13.222,"Yes","66402d02390031c6215596a5","0.0","0.0","no","2600:380:a4b0:c089:3818:6e9:133e:e7cd","Participant 65",
"05/23/2024 06:46PM","05/23/2024 06:47PM","05/22/2024 09:00PM - 05/24/2024 12:00PM",26.532,"Yes","6643ea96442523ed8792f72b",,,"no","100.70.69.238","Participant 66","https://adelphiderner.qualtrics.com/jfe/form/SV_3JfpYVRIhGVcv6S?EID=6643ea96442523ed8792f72b"
"05/22/2024 09:05PM","05/22/2024 09:05PM","05/22/2024 09:00PM - 05/24/2024 12:00PM",41.217,"Yes","6644618e390031c62169a4f4","0.0","0.0","no","2603:7081:7701:55b5::185f","Participant 67",
"05/24/2024 12:09PM","05/24/2024 12:10PM","05/24/2024 12:00PM - 05/24/2024 11:59PM",9.973,"Yes","6644618e390031c62169a4f4","0.0","0.0","no","2620:cc:8000:1c80::a332","Participant 67",
"05/23/2024 09:05PM","05/23/2024 09:05PM","05/23/2024 09:00PM - 05/25/2024 12:00PM",30.479,"Yes","6645fcd5442523ed879e2b3c","0.0","0.0","no","192.168.0.12","Participant 68",
"05/25/2024 12:10PM","05/25/2024 12:11PM","05/25/2024 12:00PM - 05/25/2024 11:59PM",16.764,"Yes","6645fcd5442523ed879e2b3c","0.0","0.0","no","2600:1000:110f:1267:e899:d2a5:d252:69c7","Participant 68",
"05/24/2024 09:40AM","05/24/2024 09:41AM","05/23/2024 09:00PM - 05/25/2024 12:00PM",7.211,"Yes","66460380442523ed879e5855","0.0","0.0","no","192.168.4.92","Participant 69",
"05/23/2024 09:00PM","05/23/2024 09:01PM","05/23/2024 09:00PM - 05/25/2024 12:00PM",51.702,"Yes","6645f681442523ed879df31a",,,"no","10.165.241.107","Participant 70","https://adelphiderner.qualtrics.com/jfe/form/SV_3JfpYVRIhGVcv6S?EID=6645f681442523ed879df31a"
"05/23/2024 09:23PM","05/23/2024 09:23PM","05/23/2024 09:00PM - 05/25/2024 12:00PM",11.088,"Yes","66461e48442523ed879f60d5",,,"no","192.0.0.4","Participant 71","https://adelphiderner.qualtrics.com/jfe/form/SV_3JfpYVRIhGVcv6S?EID=66461e48442523ed879f60d5"
"05/24/2024 03:07AM","05/24/2024 03:07AM","05/23/2024 09:00PM - 05/25/2024 12:00PM",17.612,"Yes","6645fd34442523ed879e2e74","0.0","0.0","no","2601:344:180:32d0::b785","Participant 72",
"05/24/2024 09:24PM","05/24/2024 09:25PM","05/24/2024 09:00PM - 05/26/2024 12:00PM",27.779,"Yes","66470cb2390031c6217b308b",,,"no","10.111.129.192","Participant 74","https://adelphiderner.qualtrics.com/jfe/form/SV_3JfpYVRIhGVcv6S?EID=66470cb2390031c6217b308b"
"05/26/2024 12:02PM","05/26/2024 12:03PM","05/26/2024 12:00PM - 05/26/2024 11:59PM",38.649,"Yes","66470cb2390031c6217b308b",,,"no","10.244.123.206","Participant 74","https://adelphiderner.qualtrics.com/jfe/form/SV_3JfpYVRIhGVcv6S?EID=66470cb2390031c6217b308b"
"05/24/2024 09:04PM","05/24/2024 09:05PM","05/24/2024 09:00PM - 05/26/2024 12:00PM",76.051,"Yes","66476a327ef6a98d4035a7f5","0.0","0.0","no","192.168.38.204","Participant 75",
"05/24/2024 09:01PM","05/24/2024 09:02PM","05/24/2024 09:00PM - 05/26/2024 12:00PM",43.066,"Yes","66476ba47ef6a98d4035b8cd",,,"no","10.166.99.240","Participant 76","https://adelphiderner.qualtrics.com/jfe/form/SV_3JfpYVRIhGVcv6S?EID=66476ba47ef6a98d4035b8cd"
"05/26/2024 12:23PM","05/26/2024 12:24PM","05/26/2024 12:00PM - 05/26/2024 11:59PM",22.496,"Yes","66476ba47ef6a98d4035b8cd",,,"no","10.166.90.237","Participant 76","https://adelphiderner.qualtrics.com/jfe/form/SV_3JfpYVRIhGVcv6S?EID=66476ba47ef6a98d4035b8cd"
"05/24/2024 09:02PM","05/24/2024 09:02PM","05/24/2024 09:00PM - 05/26/2024 12:00PM",12.136,"Yes","6647504e7ef6a98d4034d087","0.0","0.0","no","2600:1700:8950:8530::49","Participant 77",
"05/26/2024 12:01PM","05/26/2024 12:01PM","05/26/2024 12:00PM - 05/26/2024 11:59PM",8.791,"Yes","6647504e7ef6a98d4034d087","0.0","0.0","no","2600:1700:8950:8530::49","Participant 77",
"05/24/2024 09:03PM","05/24/2024 09:03PM","05/24/2024 09:00PM - 05/26/2024 12:00PM",22.453,"Yes","6647811a7ef6a98d40365047","0.0","0.0","no","192.168.1.13","Participant 78",
"05/24/2024 09:04PM","05/24/2024 09:05PM","05/24/2024 09:00PM - 05/26/2024 12:00PM",22.06,"Yes","66479d9a7ef6a98d40370b4e","0.0","0.0","no","2607:fb90:bebe:c023::cc87","Participant 79",
"05/24/2024 09:02PM","05/24/2024 09:03PM","05/24/2024 09:00PM - 05/26/2024 12:00PM",16.761,"Yes","6648139d660ad4ff63227565","0.0","0.0","no","2600:1700:8469:1820::23","Participant 80",
"05/26/2024 08:28AM","05/26/2024 08:28AM","05/25/2024 09:00PM - 05/27/2024 12:00PM",6.652,"Yes","664844b2660ad4ff632360ad",,,"no","10.162.131.159","Participant 81","https://adelphiderner.qualtrics.com/jfe/form/SV_3JfpYVRIhGVcv6S?EID=664844b2660ad4ff632360ad"
"05/25/2024 09:14PM","05/25/2024 09:14PM","05/25/2024 09:00PM - 05/27/2024 12:00PM",11.771,"Yes","66488b577ef6a98d403bfc82","0.0","0.0","no","10.152.52.107","Participant 83",
"05/25/2024 09:01PM","05/25/2024 09:01PM","05/25/2024 09:00PM - 05/27/2024 12:00PM",56.313,"Yes","664867b9660ad4ff6323986e","0.0","0.0","no","10.143.135.92","Participant 85",
"05/27/2024 12:01PM","05/27/2024 12:02PM","05/27/2024 12:00PM - 05/27/2024 11:59PM",13.682,"Yes","664867b9660ad4ff6323986e","0.0","0.0","no","10.26.51.9","Participant 85",
"05/25/2024 09:01PM","05/25/2024 09:02PM","05/25/2024 09:00PM - 05/27/2024 12:00PM",48.415,"Yes","6648c6727ef6a98d403d5400","0.0","0.0","no","10.208.73.23","Participant 86",
"05/27/2024 12:02PM","05/27/2024 12:02PM","05/27/2024 12:00PM - 05/27/2024 11:59PM",28.014,"Yes","6648c6727ef6a98d403d5400","0.0","0.0","no","10.136.72.25","Participant 86",
"05/25/2024 09:32PM","05/25/2024 09:32PM","05/25/2024 09:00PM - 05/27/2024 12:00PM",9.997,"Yes","6648e188660ad4ff6325b19e","0.0","0.0","no","2601:249:1a7e:eac0::c481","Participant 88",
"05/26/2024 09:13PM","05/26/2024 09:13PM","05/26/2024 09:00PM - 05/28/2024 12:00PM",35.187,"Yes","66490bc27ef6a98d403ed351",,,"no","192.168.0.100","Participant 89","https://adelphiderner.qualtrics.com/jfe/form/SV_3JfpYVRIhGVcv6S?EID=66490bc27ef6a98d403ed351"
"05/28/2024 12:00PM","05/28/2024 12:02PM","05/28/2024 12:00PM - 05/28/2024 11:59PM",97.002,"Yes","66490bc27ef6a98d403ed351",,,"no","192.168.0.101","Participant 89","https://adelphiderner.qualtrics.com/jfe/form/SV_3JfpYVRIhGVcv6S?EID=66490bc27ef6a98d403ed351"
"05/26/2024 10:29PM","05/26/2024 10:30PM","05/26/2024 09:00PM - 05/28/2024 12:00PM",32.501,"Yes","6649b616660ad4ff632a3c1e","0.0","0.0","no","10.61.137.169","Participant 90",
"05/27/2024 08:44AM","05/27/2024 08:45AM","05/26/2024 09:00PM - 05/28/2024 12:00PM",9.673,"Yes","664859df7ef6a98d403bb444","0.0","0.0","no","10.227.38.42","Participant 91",
"05/28/2024 04:07PM","05/28/2024 04:07PM","05/28/2024 12:00PM - 05/28/2024 11:59PM",12.364,"Yes","664859df7ef6a98d403bb444",,,"no","172.20.10.3","Participant 91","https://adelphiderner.qualtrics.com/jfe/form/SV_3JfpYVRIhGVcv6S?EID=664859df7ef6a98d403bb444"
"05/27/2024 09:26AM","05/27/2024 09:27AM","05/26/2024 09:00PM - 05/28/2024 12:00PM",18.349,"Yes","66486a00660ad4ff63239c3f",,,"no","172.20.10.3","Participant 92","https://adelphiderner.qualtrics.com/jfe/form/SV_3JfpYVRIhGVcv6S?EID=66486a00660ad4ff63239c3f"
"05/28/2024 04:24PM","05/28/2024 04:24PM","05/28/2024 12:00PM - 05/28/2024 11:59PM",18.741,"Yes","66486a00660ad4ff63239c3f",,,"no","172.20.10.3","Participant 92","https://adelphiderner.qualtrics.com/jfe/form/SV_3JfpYVRIhGVcv6S?EID=66486a00660ad4ff63239c3f"
"05/27/2024 01:47AM","05/27/2024 01:47AM","05/26/2024 09:00PM - 05/28/2024 12:00PM",23.707,"Yes","664a61ba660ad4ff632d6a88",,,"no","10.109.105.120","Participant 93","https://adelphiderner.qualtrics.com/jfe/form/SV_3JfpYVRIhGVcv6S?EID=664a61ba660ad4ff632d6a88"
"05/27/2024 02:15PM","05/27/2024 02:16PM","05/26/2024 09:00PM - 05/28/2024 12:00PM",10.853,"Yes","664a8e4a660ad4ff632e7a78",,,"no","10.109.105.120","Participant 94","https://adelphiderner.qualtrics.com/jfe/form/SV_3JfpYVRIhGVcv6S?EID=664a8e4a660ad4ff632e7a78"
"05/26/2024 09:03PM","05/26/2024 09:03PM","05/26/2024 09:00PM - 05/28/2024 12:00PM",10.19,"Yes","664a996c660ad4ff632f2b6f","0.0","0.0","no","fd52:da7:22e1:dd8f:147f:1e39:e002:9c43","Participant 95",
"05/28/2024 12:18PM","05/28/2024 12:19PM","05/28/2024 12:00PM - 05/28/2024 11:59PM",13.293,"Yes","664a996c660ad4ff632f2b6f","0.0","0.0","no","10.12.76.168","Participant 95",
"05/27/2024 09:11PM","05/27/2024 09:11PM","05/27/2024 09:00PM - 05/29/2024 12:00PM",19.651,"Yes","664ba102660ad4ff6335aca5",,,"no","192.168.0.119","Participant 96","https://adelphiderner.qualtrics.com/jfe/form/SV_3JfpYVRIhGVcv6S?EID=664ba102660ad4ff6335aca5"
"05/29/2024 12:14PM","05/29/2024 12:14PM","05/29/2024 12:00PM - 05/29/2024 11:59PM",5.539,"Yes","664ba102660ad4ff6335aca5",,,"no","192.168.0.119","Participant 96","https://adelphiderner.qualtrics.com/jfe/form/SV_3JfpYVRIhGVcv6S?EID=664ba102660ad4ff6335aca5"
"05/28/2024 09:04PM","05/28/2024 09:04PM","05/28/2024 09:00PM - 05/30/2024 12:00PM",13.642,"Yes","664bdcc9660ad4ff6337264c",,,"no","192.168.0.2","Participant 97","https://adelphiderner.qualtrics.com/jfe/form/SV_3JfpYVRIhGVcv6S?EID=664bdcc9660ad4ff6337264c"
"05/27/2024 09:00PM","05/27/2024 09:00PM","05/27/2024 09:00PM - 05/29/2024 12:00PM",8.902,"Yes","664bf656660ad4ff633875c9",,,"no","100.114.244.153","Participant 98","https://adelphiderner.qualtrics.com/jfe/form/SV_3JfpYVRIhGVcv6S?EID=664bf656660ad4ff633875c9"
"05/28/2024 09:40PM","05/28/2024 09:45PM","05/28/2024 09:00PM - 05/30/2024 12:00PM",245.291,"Yes","664c511c35c6ffacb4c65680",,,"no","192.168.0.105","Participant 99","https://adelphiderner.qualtrics.com/jfe/form/SV_3JfpYVRIhGVcv6S?EID=664c511c35c6ffacb4c65680"
"05/28/2024 09:34PM","05/28/2024 09:34PM","05/28/2024 09:00PM - 05/30/2024 12:00PM",34.261,"Yes","664c8ad035c6ffacb4c6f679",,,"no","10.164.117.122","Participant 100","https://adelphiderner.qualtrics.com/jfe/form/SV_3JfpYVRIhGVcv6S?EID=664c8ad035c6ffacb4c6f679"
"05/30/2024 12:06PM","05/30/2024 12:06PM","05/30/2024 12:00PM - 05/30/2024 11:59PM",18.222,"Yes","664c8ad035c6ffacb4c6f679",,,"no","10.164.113.61","Participant 100","https://adelphiderner.qualtrics.com/jfe/form/SV_3JfpYVRIhGVcv6S?EID=664c8ad035c6ffacb4c6f679"
"05/28/2024 09:11PM","05/28/2024 09:11PM","05/28/2024 09:00PM - 05/30/2024 12:00PM",11.782,"Yes","664cb0accfaa164d863221bf","0.0","0.0","no","2001:48f8:4083:139::ead6:9f3f","Participant 101",
"05/29/2024 09:16AM","05/29/2024 09:16AM","05/28/2024 09:00PM - 05/30/2024 12:00PM",26.09,"Yes","664cd579cfaa164d863376ae",,,"no","192.168.1.120","Participant 102","https://adelphiderner.qualtrics.com/jfe/form/SV_3JfpYVRIhGVcv6S?EID=664cd579cfaa164d863376ae"
"05/30/2024 12:00PM","05/30/2024 12:00PM","05/30/2024 12:00PM - 05/30/2024 11:59PM",25.126,"Yes","664cd579cfaa164d863376ae",,,"no","192.168.1.120","Participant 102","https://adelphiderner.qualtrics.com/jfe/form/SV_3JfpYVRIhGVcv6S?EID=664cd579cfaa164d863376ae"
"05/28/2024 09:05PM","05/28/2024 09:12PM","05/28/2024 09:00PM - 05/30/2024 12:00PM",446.536,"Yes","664cd8a3cfaa164d86339400",,,"no","10.166.101.94","Participant 103","https://adelphiderner.qualtrics.com/jfe/form/SV_3JfpYVRIhGVcv6S?EID=664cd8a3cfaa164d86339400"
"05/30/2024 12:00PM","05/30/2024 12:00PM","05/30/2024 12:00PM - 05/30/2024 11:59PM",19.889,"Yes","664cd8a3cfaa164d86339400",,,"no","10.0.0.1","Participant 103","https://adelphiderner.qualtrics.com/jfe/form/SV_3JfpYVRIhGVcv6S?EID=664cd8a3cfaa164d86339400"
"05/29/2024 10:38AM","05/29/2024 10:38AM","05/28/2024 09:00PM - 05/30/2024 12:00PM",6.556,"Yes","664ce4f1cfaa164d86340d96",,,"no","192.168.0.131","Participant 104","https://adelphiderner.qualtrics.com/jfe/form/SV_3JfpYVRIhGVcv6S?EID=664ce4f1cfaa164d86340d96"
"05/30/2024 12:02PM","05/30/2024 12:02PM","05/30/2024 12:00PM - 05/30/2024 11:59PM",14.008,"Yes","664ce4f1cfaa164d86340d96",,,"no","192.168.0.131","Participant 104","https://adelphiderner.qualtrics.com/jfe/form/SV_3JfpYVRIhGVcv6S?EID=664ce4f1cfaa164d86340d96"
"05/28/2024 11:48PM","05/28/2024 11:49PM","05/28/2024 09:00PM - 05/30/2024 12:00PM",14.423,"Yes","664d202e35c6ffacb4cbf0f3","0.0","0.0","no","2600:1003:1001:cd9:7086:ee19:8c39:4897","Participant 105",
"05/30/2024 04:51PM","05/30/2024 04:52PM","05/30/2024 12:00PM - 05/30/2024 11:59PM",10.147,"Yes","664d202e35c6ffacb4cbf0f3","0.0","0.0","no","2600:1003:1001:cd9:754c:6549:4941:a47c","Participant 105",
"05/29/2024 12:02PM","05/29/2024 12:03PM","05/28/2024 09:00PM - 05/30/2024 12:00PM",100.75,"Yes","664d2c64cfaa164d86361b7e","0.0","0.0","no","192.168.43.35","Participant 106",
"05/29/2024 09:17AM","05/29/2024 09:17AM","05/28/2024 09:00PM - 05/30/2024 12:00PM",20.757,"Yes","664d2db7cfaa164d8636282b",,,"no","10.8.0.236","Participant 107","https://adelphiderner.qualtrics.com/jfe/form/SV_3JfpYVRIhGVcv6S?EID=664d2db7cfaa164d8636282b"
"05/29/2024 12:53PM","05/29/2024 12:53PM","05/28/2024 09:00PM - 05/30/2024 12:00PM",9.936,"Yes","664d3515cfaa164d86366cf6",,,"no","10.8.0.96","Participant 108","https://adelphiderner.qualtrics.com/jfe/form/SV_3JfpYVRIhGVcv6S?EID=664d3515cfaa164d86366cf6"
"05/29/2024 12:14PM","05/29/2024 12:14PM","05/28/2024 09:00PM - 05/30/2024 12:00PM",12.623,"Yes","664d5036cfaa164d8638213d",,,"no","172.26.1.42","Participant 109","https://adelphiderner.qualtrics.com/jfe/form/SV_3JfpYVRIhGVcv6S?EID=664d5036cfaa164d8638213d"
"05/30/2024 12:02PM","05/30/2024 12:02PM","05/30/2024 12:00PM - 05/30/2024 11:59PM",21.58,"Yes","664d5036cfaa164d8638213d",,,"no","172.26.1.42","Participant 109","https://adelphiderner.qualtrics.com/jfe/form/SV_3JfpYVRIhGVcv6S?EID=664d5036cfaa164d8638213d"
"05/28/2024 09:12PM","05/28/2024 09:12PM","05/28/2024 09:00PM - 05/30/2024 12:00PM",23.269,"Yes","664cb487cfaa164d863247a6","0.0","0.0","no","2600:6c46:68f0:14d0::1215","Participant 110",
"05/28/2024 09:46PM","05/28/2024 09:46PM","05/28/2024 09:00PM - 05/30/2024 12:00PM",17.153,"Yes","6648da0d7ef6a98d403dcdd5","0.0","0.0","no","192.168.0.85","Participant 112",
"05/29/2024 09:16PM","05/29/2024 09:17PM","05/29/2024 09:00PM - 05/31/2024 12:00PM",29.359,"Yes","664d9437cfaa164d8639b130",,,"no","192.168.1.194","Participant 113","https://adelphiderner.qualtrics.com/jfe/form/SV_3JfpYVRIhGVcv6S?EID=664d9437cfaa164d8639b130"
"05/31/2024 12:13PM","05/31/2024 12:13PM","05/31/2024 12:00PM - 05/31/2024 11:59PM",11.475,"Yes","664d9437cfaa164d8639b130",,,"no","192.168.1.120","Participant 113","https://adelphiderner.qualtrics.com/jfe/form/SV_3JfpYVRIhGVcv6S?EID=664d9437cfaa164d8639b130"
"05/29/2024 09:19PM","05/29/2024 09:20PM","05/29/2024 09:00PM - 05/31/2024 12:00PM",26.459,"Yes","664d9d48cfaa164d863a0ec4",,,"no","192.168.1.186","Participant 114","https://adelphiderner.qualtrics.com/jfe/form/SV_3JfpYVRIhGVcv6S?EID=664d9d48cfaa164d863a0ec4"
"05/30/2024 12:22PM","05/30/2024 12:22PM","05/29/2024 09:00PM - 05/31/2024 12:00PM",6.924,"Yes","664ab385660ad4ff63304bcf",,,"no","10.155.182.88","Participant 115","https://adelphiderner.qualtrics.com/jfe/form/SV_3JfpYVRIhGVcv6S?EID=664ab385660ad4ff63304bcf"
"05/29/2024 09:35PM","05/29/2024 09:35PM","05/29/2024 09:00PM - 05/31/2024 12:00PM",8.742,"Yes","664dda0935c6ffacb4d106a0","0.0","0.0","no","10.158.184.1","Participant 116",
"05/31/2024 12:07PM","05/31/2024 12:08PM","05/31/2024 12:00PM - 05/31/2024 11:59PM",47.203,"Yes","664dda0935c6ffacb4d106a0","0.0","0.0","no","10.222.104.231","Participant 116",
"05/29/2024 09:36PM","05/30/2024 04:00PM","05/29/2024 09:00PM - 05/31/2024 12:00PM",66253.186,"Yes","664ddcbacfaa164d863af184","0.0","0.0","no","2600:1700:13bf:8290::47","Participant 117",
"05/31/2024 12:25PM","05/31/2024 12:26PM","05/31/2024 12:00PM - 05/31/2024 11:59PM",45.124,"Yes","664ddcbacfaa164d863af184","0.0","0.0","no","10.40.12.248","Participant 117",
"05/29/2024 09:29PM","05/29/2024 09:30PM","05/29/2024 09:00PM - 05/31/2024 12:00PM",38.798,"Yes","664ddce135c6ffacb4d11e0d","0.0","0.0","no","2600:381:cc28:5200:3479:dc40:1fa2:fc4d","Participant 118",
"05/31/2024 12:00PM","05/31/2024 12:01PM","05/31/2024 12:00PM - 05/31/2024 11:59PM",20.172,"Yes","664ddce135c6ffacb4d11e0d","0.0","0.0","no","2600:381:cc28:5200:9dc6:6737:c331:e425","Participant 118",
"05/30/2024 09:43AM","05/30/2024 03:05PM","05/29/2024 09:00PM - 05/31/2024 12:00PM",19349.498,"Yes","664dd91535c6ffacb4d101fb","0.0","0.0","no","192.168.1.7","Participant 119",
"05/31/2024 04:16PM","05/31/2024 04:22PM","05/31/2024 12:00PM - 05/31/2024 11:59PM",396.49,"Yes","664dd91535c6ffacb4d101fb","0.0","0.0","no","192.168.1.7","Participant 119",
"05/30/2024 10:44AM","05/30/2024 10:44AM","05/29/2024 09:00PM - 05/31/2024 12:00PM",10.232,"Yes","664de887cfaa164d863b5c90",,,"no","10.0.0.34","Participant 120","https://adelphiderner.qualtrics.com/jfe/form/SV_3JfpYVRIhGVcv6S?EID=664de887cfaa164d863b5c90"
"05/30/2024 03:17AM","05/30/2024 03:17AM","05/29/2024 09:00PM - 05/31/2024 12:00PM",27.768,"Yes","664df1a551501094c9be8f8c",,,"no","172.16.0.2","Participant 121","https://adelphiderner.qualtrics.com/jfe/form/SV_3JfpYVRIhGVcv6S?EID=664df1a551501094c9be8f8c"
"05/31/2024 12:34PM","05/31/2024 12:34PM","05/31/2024 12:00PM - 05/31/2024 11:59PM",11.329,"Yes","664df1a551501094c9be8f8c",,,"no","172.16.0.2","Participant 121","https://adelphiderner.qualtrics.com/jfe/form/SV_3JfpYVRIhGVcv6S?EID=664df1a551501094c9be8f8c"
"05/29/2024 09:00PM","05/29/2024 09:03PM","05/29/2024 09:00PM - 05/31/2024 12:00PM",128.419,"Yes","664de90335c6ffacb4d18b97",,,"no","10.164.251.123","Participant 122","https://adelphiderner.qualtrics.com/jfe/form/SV_3JfpYVRIhGVcv6S?EID=664de90335c6ffacb4d18b97"
"05/31/2024 12:07PM","05/31/2024 12:08PM","05/31/2024 12:00PM - 05/31/2024 11:59PM",56.965,"Yes","664de90335c6ffacb4d18b97",,,"no","10.164.248.108","Participant 122","https://adelphiderner.qualtrics.com/jfe/form/SV_3JfpYVRIhGVcv6S?EID=664de90335c6ffacb4d18b97"
"05/29/2024 09:02PM","05/29/2024 09:02PM","05/29/2024 09:00PM - 05/31/2024 12:00PM",10.286,"Yes","664df97e51501094c9bedbb3",,,"no","10.0.0.107","Participant 123","https://adelphiderner.qualtrics.com/jfe/form/SV_3JfpYVRIhGVcv6S?EID=664df97e51501094c9bedbb3"
"05/29/2024 09:02PM","05/29/2024 09:39PM","05/29/2024 09:00PM - 05/31/2024 12:00PM",2228.977,"Yes","664dfea251501094c9bf16a1","0.0","0.0","no","2601:80:c87c:2770::d3ca","Participant 124",
"05/31/2024 12:28PM","05/31/2024 12:28PM","05/31/2024 12:00PM - 05/31/2024 11:59PM",5.652,"Yes","664dfea251501094c9bf16a1","0.0","0.0","no","2600:381:30cf:4a1:b852:99e7:8d3e:10d3","Participant 124",
"05/29/2024 11:31PM","05/29/2024 11:32PM","05/29/2024 09:00PM - 05/31/2024 12:00PM",18.376,"Yes","664dffa220f19dd3213a2a4e",,,"no","192.168.4.202","Participant 125","https://adelphiderner.qualtrics.com/jfe/form/SV_3JfpYVRIhGVcv6S?EID=664dffa220f19dd3213a2a4e"
"05/29/2024 10:10PM","05/29/2024 10:11PM","05/29/2024 09:00PM - 05/31/2024 12:00PM",35.238,"Yes","664e0f2e20f19dd3213acad4",,,"no","10.166.100.125","Participant 126","https://adelphiderner.qualtrics.com/jfe/form/SV_3JfpYVRIhGVcv6S?EID=664e0f2e20f19dd3213acad4"
"05/31/2024 12:23PM","05/31/2024 12:23PM","05/31/2024 12:00PM - 05/31/2024 11:59PM",9.381,"Yes","664e0f2e20f19dd3213acad4",,,"no","10.163.69.160","Participant 126","https://adelphiderner.qualtrics.com/jfe/form/SV_3JfpYVRIhGVcv6S?EID=664e0f2e20f19dd3213acad4"
"05/30/2024 06:57AM","05/30/2024 06:57AM","05/29/2024 09:00PM - 05/31/2024 12:00PM",20.716,"Yes","664a9f98660ad4ff632f6bf0","0.0","0.0","no","10.78.0.140","Participant 127",
"05/30/2024 10:10AM","05/30/2024 10:11AM","05/29/2024 09:00PM - 05/31/2024 12:00PM",62.558,"Yes","664de385cfaa164d863b3437",,,"no","10.155.182.88","Participant 128","https://adelphiderner.qualtrics.com/jfe/form/SV_3JfpYVRIhGVcv6S?EID=664de385cfaa164d863b3437"
"05/31/2024 12:33PM","05/31/2024 12:33PM","05/31/2024 12:00PM - 05/31/2024 11:59PM",11.013,"Yes","664de385cfaa164d863b3437",,,"no","10.155.182.88","Participant 128","https://adelphiderner.qualtrics.com/jfe/form/SV_3JfpYVRIhGVcv6S?EID=664de385cfaa164d863b3437"
"05/29/2024 09:02PM","05/29/2024 09:02PM","05/29/2024 09:00PM - 05/31/2024 12:00PM",9.032,"Yes","664e265620f19dd3213bb80c","0.0","0.0","no","10.44.218.42","Participant 129",
"05/30/2024 08:52PM","05/30/2024 09:01PM","05/29/2024 09:00PM - 05/31/2024 12:00PM",527.57,"Yes","664e39ab51501094c9c1459b",,,"no","192.168.43.1","Participant 130","https://adelphiderner.qualtrics.com/jfe/form/SV_3JfpYVRIhGVcv6S?EID=664e39ab51501094c9c1459b"
"05/31/2024 07:53PM","05/31/2024 07:54PM","05/31/2024 12:00PM - 05/31/2024 11:59PM",57.211,"Yes","664e39ab51501094c9c1459b",,,"no","10.153.17.39","Participant 130","https://adelphiderner.qualtrics.com/jfe/form/SV_3JfpYVRIhGVcv6S?EID=664e39ab51501094c9c1459b"
"05/30/2024 07:21AM","05/30/2024 07:21AM","05/29/2024 09:00PM - 05/31/2024 12:00PM",9.538,"Yes","664e6e0120f19dd3213de6f2",,,"no","10.8.0.140","Participant 131","https://adelphiderner.qualtrics.com/jfe/form/SV_3JfpYVRIhGVcv6S?EID=664e6e0120f19dd3213de6f2"
"05/30/2024 12:14AM","05/30/2024 12:14AM","05/29/2024 09:00PM - 05/31/2024 12:00PM",14.909,"Yes","664e847f20f19dd3213e70cb",,,"no","192.168.1.138","Participant 132","https://adelphiderner.qualtrics.com/jfe/form/SV_3JfpYVRIhGVcv6S?EID=664e847f20f19dd3213e70cb"
"05/31/2024 12:14PM","05/31/2024 12:14PM","05/31/2024 12:00PM - 05/31/2024 11:59PM",14.884,"Yes","664e847f20f19dd3213e70cb",,,"no","192.0.0.2","Participant 132","https://adelphiderner.qualtrics.com/jfe/form/SV_3JfpYVRIhGVcv6S?EID=664e847f20f19dd3213e70cb"
"05/30/2024 09:19AM","05/30/2024 09:19AM","05/29/2024 09:00PM - 05/31/2024 12:00PM",38.122,"Yes","664e860851501094c9c35e71",,,"no","10.10.176.14","Participant 133","https://adelphiderner.qualtrics.com/jfe/form/SV_3JfpYVRIhGVcv6S?EID=664e860851501094c9c35e71"
"05/29/2024 09:05PM","05/29/2024 09:06PM","05/29/2024 09:00PM - 05/31/2024 12:00PM",25.91,"Yes","664606c2390031c621724174",,,"no","192.168.1.214","Participant 134","https://adelphiderner.qualtrics.com/jfe/form/SV_3JfpYVRIhGVcv6S?EID=664606c2390031c621724174"
"05/30/2024 09:00PM","05/30/2024 09:01PM","05/30/2024 09:00PM - 06/01/2024 12:00PM",27.602,"Yes","664ed84e93e5001a12b4b6d4","0.0","0.0","no","10.239.17.243","Participant 135",
"05/30/2024 09:02PM","05/30/2024 09:03PM","05/30/2024 09:00PM - 06/01/2024 12:00PM",16.207,"Yes","664f7a84e0fe3a9553ae4a6f","0.0","0.0","no","2600:381:ec1a:355a:69aa:1d6a:fe75:1fff","Participant 138",
"06/01/2024 12:02PM","06/01/2024 12:02PM","06/01/2024 12:00PM - 06/01/2024 11:59PM",19.423,"Yes","664f7a84e0fe3a9553ae4a6f","0.0","0.0","no","2600:381:ad27:d699:4083:f4d4:f793:c52e","Participant 138",
"05/30/2024 09:03PM","05/30/2024 09:04PM","05/30/2024 09:00PM - 06/01/2024 12:00PM",14.254,"Yes","664f7d83e0fe3a9553ae8a98",,,"no","192.168.1.158","Participant 139","https://adelphiderner.qualtrics.com/jfe/form/SV_3JfpYVRIhGVcv6S?EID=664f7d83e0fe3a9553ae8a98"
"05/31/2024 06:46AM","05/31/2024 06:46AM","05/30/2024 09:00PM - 06/01/2024 12:00PM",10.42,"Yes","664f89c9e0fe3a9553af7561","0.0","0.0","no","192.168.0.109","Participant 140",
"05/30/2024 09:17PM","05/30/2024 09:17PM","05/30/2024 09:00PM - 06/01/2024 12:00PM",11.218,"Yes","664f922de0fe3a9553b03872","0.0","0.0","no","2600:1006:1158:c8c5:9dfe:cf57:cd8b:16b0","Participant 141",
"06/01/2024 02:15PM","06/01/2024 02:17PM","06/01/2024 12:00PM - 06/01/2024 11:59PM",144.675,"Yes","664f922de0fe3a9553b03872","0.0","0.0","no","10.156.21.134","Participant 141",
"05/30/2024 09:50PM","05/30/2024 09:51PM","05/30/2024 09:00PM - 06/01/2024 12:00PM",15.721,"Yes","664f816be0fe3a9553aed9e7",,,"no","10.31.55.130","Participant 142","https://adelphiderner.qualtrics.com/jfe/form/SV_3JfpYVRIhGVcv6S?EID=664f816be0fe3a9553aed9e7"
"05/31/2024 12:01PM","05/31/2024 12:02PM","05/30/2024 09:00PM - 06/01/2024 12:00PM",23.846,"Yes","664f6895e0fe3a9553ac8542",,,"no","100.124.75.61","Participant 143","https://adelphiderner.qualtrics.com/jfe/form/SV_3JfpYVRIhGVcv6S?EID=664f6895e0fe3a9553ac8542"
"06/01/2024 12:42PM","06/01/2024 12:42PM","06/01/2024 12:00PM - 06/01/2024 11:59PM",5.628,"Yes","664f6895e0fe3a9553ac8542",,,"no","192.168.1.134","Participant 143","https://adelphiderner.qualtrics.com/jfe/form/SV_3JfpYVRIhGVcv6S?EID=664f6895e0fe3a9553ac8542"
"05/30/2024 09:01PM","05/30/2024 09:01PM","05/30/2024 09:00PM - 06/01/2024 12:00PM",13.169,"Yes","664f9b98e0fe3a9553b0f157","0.0","0.0","no","2601:1c2:c083:edc0::7205","Participant 144",
"05/30/2024 09:01PM","05/30/2024 09:01PM","05/30/2024 09:00PM - 06/01/2024 12:00PM",18.688,"Yes","664fa94fe0fe3a9553b1cea4",,,"no","192.168.73.202","Participant 145","https://adelphiderner.qualtrics.com/jfe/form/SV_3JfpYVRIhGVcv6S?EID=664fa94fe0fe3a9553b1cea4"
"05/30/2024 09:37PM","05/30/2024 09:37PM","05/30/2024 09:00PM - 06/01/2024 12:00PM",11.814,"Yes","664fa23fe0fe3a9553b151fb",,,"no","192.168.0.25","Participant 146","https://adelphiderner.qualtrics.com/jfe/form/SV_3JfpYVRIhGVcv6S?EID=664fa23fe0fe3a9553b151fb"
"06/01/2024 12:44PM","06/01/2024 12:44PM","06/01/2024 12:00PM - 06/01/2024 11:59PM",5.116,"Yes","664fa23fe0fe3a9553b151fb",,,"no","192.168.0.25","Participant 146","https://adelphiderner.qualtrics.com/jfe/form/SV_3JfpYVRIhGVcv6S?EID=664fa23fe0fe3a9553b151fb"
"06/02/2024 07:59AM","06/02/2024 08:01AM","05/31/2024 09:00PM - 06/02/2024 12:00PM",166.351,"Yes","664dfbf551501094c9bf026e",,,"no","102.167.178.237","Participant 147","https://adelphiderner.qualtrics.com/jfe/form/SV_3JfpYVRIhGVcv6S?EID=664dfbf551501094c9bf026e"
"06/02/2024 12:09PM","06/02/2024 12:10PM","06/02/2024 12:00PM - 06/02/2024 11:59PM",33.724,"Yes","664dfbf551501094c9bf026e",,,"no","102.166.75.35","Participant 147","https://adelphiderner.qualtrics.com/jfe/form/SV_3JfpYVRIhGVcv6S?EID=664dfbf551501094c9bf026e"
"05/30/2024 09:25PM","05/30/2024 09:25PM","05/30/2024 09:00PM - 06/01/2024 12:00PM",5.174,"Yes","664fc1e6e0fe3a9553b349fa",,,"no","192.168.0.18","Participant 148","https://adelphiderner.qualtrics.com/jfe/form/SV_3JfpYVRIhGVcv6S?EID=664fc1e6e0fe3a9553b349fa"
"06/01/2024 12:18PM","06/01/2024 12:18PM","06/01/2024 12:00PM - 06/01/2024 11:59PM",7.524,"Yes","664fc1e6e0fe3a9553b349fa",,,"no","192.168.0.12","Participant 148","https://adelphiderner.qualtrics.com/jfe/form/SV_3JfpYVRIhGVcv6S?EID=664fc1e6e0fe3a9553b349fa"
"05/30/2024 09:01PM","05/30/2024 09:01PM","05/30/2024 09:00PM - 06/01/2024 12:00PM",10.249,"Yes","664ffbbde0fe3a9553b789fa","0.0","0.0","no","2600:100a:b038:b57f:694a:31f1:46f:404c","Participant 149",
"06/01/2024 12:00PM","06/01/2024 10:23PM","06/01/2024 12:00PM - 06/01/2024 11:59PM",37387.749,"Yes","664ffbbde0fe3a9553b789fa","0.0","0.0","no","2605:a601:afef:d700::37d","Participant 149",
"05/30/2024 09:01PM","05/30/2024 09:01PM","05/30/2024 09:00PM - 06/01/2024 12:00PM",35.447,"Yes","665007aee0fe3a9553b871c4","0.0","0.0","no","192.168.1.160","Participant 150",
"06/01/2024 09:12AM","06/01/2024 09:12AM","05/31/2024 09:00PM - 06/02/2024 12:00PM",5.868,"Yes","66506895166f80d151432198","0.0","0.0","no","192.168.1.4","Participant 151",
"06/02/2024 01:26PM","06/02/2024 01:26PM","06/02/2024 12:00PM - 06/02/2024 11:59PM",5.529,"Yes","66506895166f80d151432198","0.0","0.0","no","192.168.1.12","Participant 151",
"05/31/2024 09:03PM","05/31/2024 09:04PM","05/31/2024 09:00PM - 06/02/2024 12:00PM",94.352,"Yes","66506d4ebb8cfd1298ce21c6",,,"no","10.163.156.20","Participant 152","https://adelphiderner.qualtrics.com/jfe/form/SV_3JfpYVRIhGVcv6S?EID=66506d4ebb8cfd1298ce21c6"
"06/02/2024 12:02PM","06/02/2024 12:02PM","06/02/2024 12:00PM - 06/02/2024 11:59PM",22.797,"Yes","66506d4ebb8cfd1298ce21c6",,,"no","10.117.206.99","Participant 152","https://adelphiderner.qualtrics.com/jfe/form/SV_3JfpYVRIhGVcv6S?EID=66506d4ebb8cfd1298ce21c6"
"05/31/2024 09:21PM","05/31/2024 09:25PM","05/31/2024 09:00PM - 06/02/2024 12:00PM",202.761,"Yes","6650b1de166f80d1514502cc","0.0","0.0","no","172.20.10.7","Participant 153",
"06/02/2024 10:02PM","06/02/2024 10:03PM","06/02/2024 12:00PM - 06/02/2024 11:59PM",35.486,"Yes","6650b1de166f80d1514502cc","0.0","0.0","no","172.20.10.7","Participant 153",
"06/01/2024 10:53AM","06/01/2024 10:54AM","05/31/2024 09:00PM - 06/02/2024 12:00PM",13.969,"Yes","6650b7ddbb8cfd1298d024d6","0.0","0.0","no","172.19.1.147","Participant 154",
"05/31/2024 09:00PM","05/31/2024 09:00PM","05/31/2024 09:00PM - 06/02/2024 12:00PM",14.038,"Yes","6650b5dc166f80d151452562","0.0","0.0","no","192.168.68.56","Participant 155",
"05/31/2024 09:00PM","05/31/2024 09:00PM","05/31/2024 09:00PM - 06/02/2024 12:00PM",12.089,"Yes","6650b8c1166f80d151454153",,,"no","192.168.0.24","Participant 156","https://adelphiderner.qualtrics.com/jfe/form/SV_3JfpYVRIhGVcv6S?EID=6650b8c1166f80d151454153"
"06/02/2024 12:08PM","06/02/2024 12:08PM","06/02/2024 12:00PM - 06/02/2024 11:59PM",6.84,"Yes","6650b8c1166f80d151454153",,,"no","192.168.0.11","Participant 156","https://adelphiderner.qualtrics.com/jfe/form/SV_3JfpYVRIhGVcv6S?EID=6650b8c1166f80d151454153"
"06/01/2024 12:23PM","06/01/2024 12:23PM","05/31/2024 09:00PM - 06/02/2024 12:00PM",8.077,"Yes","6650b957bb8cfd1298d036c5",,,"no","192.168.1.65","Participant 157","https://adelphiderner.qualtrics.com/jfe/form/SV_3JfpYVRIhGVcv6S?EID=6650b957bb8cfd1298d036c5"
"06/01/2024 12:02PM","06/01/2024 12:03PM","05/31/2024 09:00PM - 06/02/2024 12:00PM",49.725,"Yes","6445278e4e3d850b4c16a86a",,,"no","10.130.185.142","Participant 158","https://adelphiderner.qualtrics.com/jfe/form/SV_3JfpYVRIhGVcv6S?EID=6445278e4e3d850b4c16a86a"
"06/02/2024 12:02PM","06/02/2024 12:05PM","06/02/2024 12:00PM - 06/02/2024 11:59PM",213.564,"Yes","6445278e4e3d850b4c16a86a",,,"no","10.142.173.88","Participant 158","https://adelphiderner.qualtrics.com/jfe/form/SV_3JfpYVRIhGVcv6S?EID=6445278e4e3d850b4c16a86a"
"05/31/2024 09:00PM","05/31/2024 09:01PM","05/31/2024 09:00PM - 06/02/2024 12:00PM",43.032,"Yes","6650b702bb8cfd1298d01e19",,,"no","192.168.43.1","Participant 159","https://adelphiderner.qualtrics.com/jfe/form/SV_3JfpYVRIhGVcv6S?EID=6650b702bb8cfd1298d01e19"
"06/02/2024 12:04PM","06/02/2024 12:04PM","06/02/2024 12:00PM - 06/02/2024 11:59PM",16.597,"Yes","6650b702bb8cfd1298d01e19",,,"no","10.31.2.141","Participant 159","https://adelphiderner.qualtrics.com/jfe/form/SV_3JfpYVRIhGVcv6S?EID=6650b702bb8cfd1298d01e19"
"05/31/2024 09:01PM","05/31/2024 09:01PM","05/31/2024 09:00PM - 06/02/2024 12:00PM",26.651,"Yes","6650b7b8166f80d1514533ed","0.0","0.0","no","2600:1700:2299:7800::48","Participant 161",
"06/02/2024 12:00PM","06/02/2024 12:00PM","06/02/2024 12:00PM - 06/02/2024 11:59PM",22.334,"Yes","6650b7b8166f80d1514533ed","0.0","0.0","no","2607:fc20:f211:8813:2837:8228:64d6:6871","Participant 161",
"06/01/2024 10:41PM","06/01/2024 10:41PM","06/01/2024 09:00PM - 06/03/2024 12:00PM",29.71,"Yes","66512149bb8cfd1298d31555","0.0","0.0","no","192.168.85.87","Participant 164",
"06/03/2024 09:51PM","06/03/2024 09:51PM","06/03/2024 12:00PM - 06/03/2024 11:59PM",30.23,"Yes","66512149bb8cfd1298d31555","0.0","0.0","no","192.168.156.87","Participant 164",
"06/01/2024 10:40PM","06/01/2024 10:40PM","06/01/2024 09:00PM - 06/03/2024 12:00PM",34.083,"Yes","66511f06166f80d151480ef6",,,"no","192.168.85.138","Participant 165","https://adelphiderner.qualtrics.com/jfe/form/SV_3JfpYVRIhGVcv6S?EID=66511f06166f80d151480ef6"
"06/03/2024 10:37PM","06/03/2024 10:37PM","06/03/2024 12:00PM - 06/03/2024 11:59PM",17.765,"Yes","66511f06166f80d151480ef6",,,"no","192.168.156.47","Participant 165","https://adelphiderner.qualtrics.com/jfe/form/SV_3JfpYVRIhGVcv6S?EID=66511f06166f80d151480ef6"
"05/31/2024 09:05PM","05/31/2024 09:05PM","05/31/2024 09:00PM - 06/02/2024 12:00PM",3.793,"Yes","66510149bb8cfd1298d2601e","0.0","0.0","no","192.168.68.56","Participant 166",
"06/02/2024 12:22PM","06/02/2024 12:22PM","06/02/2024 12:00PM - 06/02/2024 11:59PM",3.677,"Yes","66510149bb8cfd1298d2601e","0.0","0.0","no","2600:1004:105d:a4a:c93b:43ed:64d:2d17","Participant 166",
"05/31/2024 09:55PM","05/31/2024 09:56PM","05/31/2024 09:00PM - 06/02/2024 12:00PM",55.314,"Yes","665128d9bb8cfd1298d334f4",,,"no","10.85.255.192","Participant 167","https://adelphiderner.qualtrics.com/jfe/form/SV_3JfpYVRIhGVcv6S?EID=665128d9bb8cfd1298d334f4"
"06/02/2024 03:53PM","06/02/2024 03:53PM","06/02/2024 12:00PM - 06/02/2024 11:59PM",32.529,"Yes","665128d9bb8cfd1298d334f4",,,"no","10.136.154.15","Participant 167","https://adelphiderner.qualtrics.com/jfe/form/SV_3JfpYVRIhGVcv6S?EID=665128d9bb8cfd1298d334f4"
"05/31/2024 09:02PM","05/31/2024 09:03PM","05/31/2024 09:00PM - 06/02/2024 12:00PM",40.04,"Yes","665136c7166f80d15148c248",,,"no","192.168.0.34","Participant 168","https://adelphiderner.qualtrics.com/jfe/form/SV_3JfpYVRIhGVcv6S?EID=665136c7166f80d15148c248"
"06/02/2024 12:06PM","06/02/2024 12:06PM","06/02/2024 12:00PM - 06/02/2024 11:59PM",15.874,"Yes","665136c7166f80d15148c248",,,"no","192.168.0.34","Participant 168","https://adelphiderner.qualtrics.com/jfe/form/SV_3JfpYVRIhGVcv6S?EID=665136c7166f80d15148c248"
"06/01/2024 09:00PM","06/01/2024 09:01PM","06/01/2024 09:00PM - 06/03/2024 12:00PM",22.505,"Yes","665175dabb8cfd1298d54c73",,,"no","10.172.220.161","Participant 171","https://adelphiderner.qualtrics.com/jfe/form/SV_3JfpYVRIhGVcv6S?EID=665175dabb8cfd1298d54c73"
"06/03/2024 04:14PM","06/03/2024 04:14PM","06/03/2024 12:00PM - 06/03/2024 11:59PM",10.728,"Yes","665175dabb8cfd1298d54c73",,,"no","192.168.128.183","Participant 171","https://adelphiderner.qualtrics.com/jfe/form/SV_3JfpYVRIhGVcv6S?EID=665175dabb8cfd1298d54c73"
"06/01/2024 09:06PM","06/01/2024 09:06PM","06/01/2024 09:00PM - 06/03/2024 12:00PM",19.779,"Yes","6650ed40bb8cfd1298d1e67a","0.0","0.0","no","100.85.57.187","Participant 172",
"06/03/2024 12:05PM","06/03/2024 12:05PM","06/03/2024 12:00PM - 06/03/2024 11:59PM",18.565,"Yes","6650ed40bb8cfd1298d1e67a","0.0","0.0","no","10.194.184.153","Participant 172",
"06/01/2024 09:02PM","06/01/2024 09:02PM","06/01/2024 09:00PM - 06/03/2024 12:00PM",23.023,"Yes","6651f4a8bb8cfd1298d6ceac",,,"no","192.168.0.101","Participant 173","https://adelphiderner.qualtrics.com/jfe/form/SV_3JfpYVRIhGVcv6S?EID=6651f4a8bb8cfd1298d6ceac"
"06/03/2024 12:00PM","06/03/2024 12:01PM","06/03/2024 12:00PM - 06/03/2024 11:59PM",24.489,"Yes","6651f4a8bb8cfd1298d6ceac",,,"no","192.168.0.102","Participant 173","https://adelphiderner.qualtrics.com/jfe/form/SV_3JfpYVRIhGVcv6S?EID=6651f4a8bb8cfd1298d6ceac"
"06/01/2024 09:09PM","06/01/2024 09:10PM","06/01/2024 09:00PM - 06/03/2024 12:00PM",23.245,"Yes","66511620bb8cfd1298d2d4a5","0.0","0.0","no","10.0.0.19","Participant 174",
"06/01/2024 09:13PM","06/01/2024 09:15PM","06/01/2024 09:00PM - 06/03/2024 12:00PM",139.384,"Yes","66516dbc166f80d1514a5d10",,,"no","10.254.0.1","Participant 175","https://adelphiderner.qualtrics.com/jfe/form/SV_3JfpYVRIhGVcv6S?EID=66516dbc166f80d1514a5d10"
"06/01/2024 09:00PM","06/01/2024 09:00PM","06/01/2024 09:00PM - 06/03/2024 12:00PM",15.317,"Yes","66521e95166f80d1514d23c7","0.0","0.0","no","192.168.1.254","Participant 176",
"06/02/2024 12:01PM","06/02/2024 12:01PM","06/01/2024 09:00PM - 06/03/2024 12:00PM",7.278,"Yes","66522580166f80d1514d4825",,,"no","192.168.8.181","Participant 177","https://adelphiderner.qualtrics.com/jfe/form/SV_3JfpYVRIhGVcv6S?EID=66522580166f80d1514d4825"
"06/01/2024 09:06PM","06/01/2024 09:08PM","06/01/2024 09:00PM - 06/03/2024 12:00PM",113.837,"Yes","665227bbbb8cfd1298d8215a",,,"no","10.13.62.225","Participant 178","https://adelphiderner.qualtrics.com/jfe/form/SV_3JfpYVRIhGVcv6S?EID=665227bbbb8cfd1298d8215a"
"06/01/2024 09:01PM","06/01/2024 09:01PM","06/01/2024 09:00PM - 06/03/2024 12:00PM",11.587,"Yes","6652552b166f80d1514e6431","0.0","0.0","no","192.168.1.11","Participant 179",
"06/03/2024 03:44PM","06/03/2024 03:44PM","06/03/2024 12:00PM - 06/03/2024 11:59PM",10.571,"Yes","6652552b166f80d1514e6431","0.0","0.0","no","10.2.16.39","Participant 179",
"06/02/2024 03:01AM","06/02/2024 03:01AM","06/01/2024 09:00PM - 06/03/2024 12:00PM",19.871,"Yes","66525618bb8cfd1298d9358c",,,"no","192.168.0.131","Participant 180","https://adelphiderner.qualtrics.com/jfe/form/SV_3JfpYVRIhGVcv6S?EID=66525618bb8cfd1298d9358c"
"06/03/2024 12:02PM","06/03/2024 12:02PM","06/03/2024 12:00PM - 06/03/2024 11:59PM",23.748,"Yes","66525618bb8cfd1298d9358c",,,"no","10.185.74.48","Participant 180","https://adelphiderner.qualtrics.com/jfe/form/SV_3JfpYVRIhGVcv6S?EID=66525618bb8cfd1298d9358c"
"06/01/2024 09:09PM","06/01/2024 09:09PM","06/01/2024 09:00PM - 06/03/2024 12:00PM",11.8,"Yes","664e10a620f19dd3213ae047","0.0","0.0","no","10.3.0.76","Participant 181",
"06/03/2024 10:11AM","06/03/2024 10:11AM","06/02/2024 09:00PM - 06/04/2024 12:00PM",12.846,"Yes","66529684166f80d1514ff23e","0.0","0.0","no","192.168.1.185","Participant 182",
"06/02/2024 09:19PM","06/02/2024 09:19PM","06/02/2024 09:00PM - 06/04/2024 12:00PM",47.971,"Yes","664e220151501094c9c07a16",,,"no","10.158.214.115","Participant 183","https://adelphiderner.qualtrics.com/jfe/form/SV_3JfpYVRIhGVcv6S?EID=664e220151501094c9c07a16"
"06/02/2024 09:25PM","06/02/2024 09:25PM","06/02/2024 09:00PM - 06/04/2024 12:00PM",16.206,"Yes","6652dc01bb8cfd1298dbad02",,,"no","10.0.0.82","Participant 184","https://adelphiderner.qualtrics.com/jfe/form/SV_3JfpYVRIhGVcv6S?EID=6652dc01bb8cfd1298dbad02"
"06/04/2024 12:01PM","06/04/2024 12:01PM","06/04/2024 12:00PM - 06/04/2024 11:59PM",19.41,"Yes","6652dc01bb8cfd1298dbad02",,,"no","10.0.0.82","Participant 184","https://adelphiderner.qualtrics.com/jfe/form/SV_3JfpYVRIhGVcv6S?EID=6652dc01bb8cfd1298dbad02"
"06/03/2024 06:16AM","06/03/2024 06:16AM","06/02/2024 09:00PM - 06/04/2024 12:00PM",11.574,"Yes","66533a95bb8cfd1298dcc98a","0.0","0.0","no","10.42.99.63","Participant 186",
"06/02/2024 09:34PM","06/02/2024 09:34PM","06/02/2024 09:00PM - 06/04/2024 12:00PM",37.913,"Yes","66535dfabb8cfd1298ddc823",,,"no","100.109.219.220","Participant 187","https://adelphiderner.qualtrics.com/jfe/form/SV_3JfpYVRIhGVcv6S?EID=66535dfabb8cfd1298ddc823"
"06/04/2024 12:00PM","06/04/2024 12:00PM","06/04/2024 12:00PM - 06/04/2024 11:59PM",20.04,"Yes","66535dfabb8cfd1298ddc823",,,"no","100.109.219.220","Participant 187","https://adelphiderner.qualtrics.com/jfe/form/SV_3JfpYVRIhGVcv6S?EID=66535dfabb8cfd1298ddc823"
"06/03/2024 02:24AM","06/03/2024 02:25AM","06/02/2024 09:00PM - 06/04/2024 12:00PM",24.63,"Yes","665366d6bb8cfd1298de0866",,,"no","172.16.0.2","Participant 188","https://adelphiderner.qualtrics.com/jfe/form/SV_3JfpYVRIhGVcv6S?EID=665366d6bb8cfd1298de0866"
"06/04/2024 01:36PM","06/04/2024 01:37PM","06/04/2024 12:00PM - 06/04/2024 11:59PM",11.827,"Yes","665366d6bb8cfd1298de0866",,,"no","172.16.0.2","Participant 188","https://adelphiderner.qualtrics.com/jfe/form/SV_3JfpYVRIhGVcv6S?EID=665366d6bb8cfd1298de0866"
"06/03/2024 06:37AM","06/03/2024 06:37AM","06/02/2024 09:00PM - 06/04/2024 12:00PM",8.638,"Yes","649dcebd2d36e4405286ee51","0.0","0.0","no","192.168.1.151","Participant 189",
"06/04/2024 12:17PM","06/04/2024 12:17PM","06/04/2024 12:00PM - 06/04/2024 11:59PM",7.541,"Yes","649dcebd2d36e4405286ee51","0.0","0.0","no","192.168.1.151","Participant 189",
"06/02/2024 09:02PM","06/02/2024 09:03PM","06/02/2024 09:00PM - 06/04/2024 12:00PM",46.827,"Yes","6653837f166f80d1515411e0",,,"no","192.168.100.13","Participant 190","https://adelphiderner.qualtrics.com/jfe/form/SV_3JfpYVRIhGVcv6S?EID=6653837f166f80d1515411e0"
"06/02/2024 09:02PM","06/02/2024 09:02PM","06/02/2024 09:00PM - 06/04/2024 12:00PM",17.699,"Yes","63e2ad274808cf0b46699b50",,,"no","192.168.12.199","Participant 191","https://adelphiderner.qualtrics.com/jfe/form/SV_3JfpYVRIhGVcv6S?EID=63e2ad274808cf0b46699b50"
"06/02/2024 09:01PM","06/02/2024 09:04PM","06/02/2024 09:00PM - 06/04/2024 12:00PM",181.855,"Yes","66539840166f80d15154838c",,,"no","10.163.217.233","Participant 193","https://adelphiderner.qualtrics.com/jfe/form/SV_3JfpYVRIhGVcv6S?EID=66539840166f80d15154838c"
"06/04/2024 12:42PM","06/04/2024 12:42PM","06/04/2024 12:00PM - 06/04/2024 11:59PM",16.832,"Yes","66539840166f80d15154838c",,,"no","192.168.100.6","Participant 193","https://adelphiderner.qualtrics.com/jfe/form/SV_3JfpYVRIhGVcv6S?EID=66539840166f80d15154838c"
"06/02/2024 09:00PM","06/02/2024 09:01PM","06/02/2024 09:00PM - 06/04/2024 12:00PM",23.604,"Yes","6653ac76bb8cfd1298dfc1cf","0.0","0.0","no","2604:2d80:d20d:6b00::1001","Participant 194",
"06/04/2024 12:00PM","06/04/2024 12:00PM","06/04/2024 12:00PM - 06/04/2024 11:59PM",15.449,"Yes","6653ac76bb8cfd1298dfc1cf","0.0","0.0","no","2604:2d80:d20d:6b00::1001","Participant 194",
"06/02/2024 09:16PM","06/02/2024 09:16PM","06/02/2024 09:00PM - 06/04/2024 12:00PM",11.692,"Yes","6653b19cbb8cfd1298dfd6da","0.0","0.0","no","192.168.50.66","Participant 195",
"06/04/2024 12:02PM","06/04/2024 12:02PM","06/04/2024 12:00PM - 06/04/2024 11:59PM",8.907,"Yes","6653b19cbb8cfd1298dfd6da","0.0","0.0","no","172.85.4.139","Participant 195",
"06/02/2024 09:24PM","06/02/2024 09:24PM","06/02/2024 09:00PM - 06/04/2024 12:00PM",6.9,"Yes","6478fe9fec109b0b53d222c2",,,"no","192.168.50.203","Participant 196","https://adelphiderner.qualtrics.com/jfe/form/SV_3JfpYVRIhGVcv6S?EID=6478fe9fec109b0b53d222c2"
"06/04/2024 06:41AM","06/04/2024 06:42AM","06/03/2024 09:00PM - 06/05/2024 12:00PM",15.971,"Yes","64e7e23845191ff324ef7998","0.0","0.0","no","10.52.167.203","Participant 197",
"06/05/2024 09:47AM","06/05/2024 09:48AM","06/03/2024 09:00PM - 06/05/2024 12:00PM",23.851,"Yes","66533cd5bb8cfd1298dcd308",,,"no","10.0.184.80","Participant 201","https://adelphiderner.qualtrics.com/jfe/form/SV_3JfpYVRIhGVcv6S?EID=66533cd5bb8cfd1298dcd308"
"06/05/2024 07:32PM","06/05/2024 07:32PM","06/05/2024 12:00PM - 06/05/2024 11:59PM",8.069,"Yes","66533cd5bb8cfd1298dcd308",,,"no","100.69.67.154","Participant 201","https://adelphiderner.qualtrics.com/jfe/form/SV_3JfpYVRIhGVcv6S?EID=66533cd5bb8cfd1298dcd308"
"06/05/2024 10:17AM","06/05/2024 10:17AM","06/03/2024 09:00PM - 06/05/2024 12:00PM",10.519,"Yes","66533ebabb8cfd1298dce361","0.0","0.0","no","10.106.207.184","Participant 205",
"06/04/2024 04:58PM","06/04/2024 05:03PM","06/03/2024 09:00PM - 06/05/2024 12:00PM",276.26,"Yes","664cbbb1cfaa164d8632912f",,,"no","10.47.79.50","Participant 206","https://adelphiderner.qualtrics.com/jfe/form/SV_3JfpYVRIhGVcv6S?EID=664cbbb1cfaa164d8632912f"
"06/03/2024 09:00PM","06/03/2024 09:01PM","06/03/2024 09:00PM - 06/05/2024 12:00PM",49.881,"Yes","66542d6bbb8cfd1298e22d68",,,"no","10.166.88.254","Participant 207","https://adelphiderner.qualtrics.com/jfe/form/SV_3JfpYVRIhGVcv6S?EID=66542d6bbb8cfd1298e22d68"
"06/04/2024 05:32AM","06/04/2024 05:32AM","06/03/2024 09:00PM - 06/05/2024 12:00PM",5.127,"Yes","665398c6bb8cfd1298df5f90",,,"no","192.168.100.13","Participant 209","https://adelphiderner.qualtrics.com/jfe/form/SV_3JfpYVRIhGVcv6S?EID=665398c6bb8cfd1298df5f90"
"06/04/2024 05:08AM","06/04/2024 05:08AM","06/03/2024 09:00PM - 06/05/2024 12:00PM",10.777,"Yes","66547ee5bb8cfd1298e32aff",,,"no","192.168.100.13","Participant 211","https://adelphiderner.qualtrics.com/jfe/form/SV_3JfpYVRIhGVcv6S?EID=66547ee5bb8cfd1298e32aff"
"06/04/2024 04:57AM","06/04/2024 04:57AM","06/03/2024 09:00PM - 06/05/2024 12:00PM",8.014,"Yes","66548485166f80d151586e0b",,,"no","192.168.100.13","Participant 212","https://adelphiderner.qualtrics.com/jfe/form/SV_3JfpYVRIhGVcv6S?EID=66548485166f80d151586e0b"
"06/03/2024 09:03PM","06/03/2024 09:03PM","06/03/2024 09:00PM - 06/05/2024 12:00PM",28.474,"Yes","66548744bb8cfd1298e3594b",,,"no","10.122.238.17","Participant 213","https://adelphiderner.qualtrics.com/jfe/form/SV_3JfpYVRIhGVcv6S?EID=66548744bb8cfd1298e3594b"
"06/05/2024 12:02PM","06/05/2024 12:02PM","06/05/2024 12:00PM - 06/05/2024 11:59PM",10.216,"Yes","66548744bb8cfd1298e3594b",,,"no","10.163.16.43","Participant 213","https://adelphiderner.qualtrics.com/jfe/form/SV_3JfpYVRIhGVcv6S?EID=66548744bb8cfd1298e3594b"
"06/04/2024 04:44AM","06/04/2024 04:44AM","06/03/2024 09:00PM - 06/05/2024 12:00PM",16.622,"Yes","66548a9c166f80d151588eb9",,,"no","192.168.100.13","Participant 214","https://adelphiderner.qualtrics.com/jfe/form/SV_3JfpYVRIhGVcv6S?EID=66548a9c166f80d151588eb9"
"06/04/2024 01:24PM","06/04/2024 01:24PM","06/03/2024 09:00PM - 06/05/2024 12:00PM",14.263,"Yes","66548a91166f80d151588ea7",,,"no","10.211.1.93","Participant 215","https://adelphiderner.qualtrics.com/jfe/form/SV_3JfpYVRIhGVcv6S?EID=66548a91166f80d151588ea7"
"06/03/2024 09:09PM","06/03/2024 09:09PM","06/03/2024 09:00PM - 06/05/2024 12:00PM",9.625,"Yes","665490f2bb8cfd1298e38f8f",,,"no","192.168.0.100","Participant 217","https://adelphiderner.qualtrics.com/jfe/form/SV_3JfpYVRIhGVcv6S?EID=665490f2bb8cfd1298e38f8f"
"06/05/2024 08:48PM","06/05/2024 08:48PM","06/05/2024 12:00PM - 06/05/2024 11:59PM",12.894,"Yes","665490f2bb8cfd1298e38f8f",,,"no","192.168.0.20","Participant 217","https://adelphiderner.qualtrics.com/jfe/form/SV_3JfpYVRIhGVcv6S?EID=665490f2bb8cfd1298e38f8f"
"06/04/2024 11:01AM","06/04/2024 11:01AM","06/03/2024 09:00PM - 06/05/2024 12:00PM",10.262,"Yes","6654acf8bb8cfd1298e45da6","0.0","0.0","no","192.168.1.152","Participant 218",
"06/05/2024 12:20PM","06/05/2024 12:21PM","06/05/2024 12:00PM - 06/05/2024 11:59PM",9.682,"Yes","6654acf8bb8cfd1298e45da6","0.0","0.0","no","192.168.1.152","Participant 218",
"06/03/2024 09:02PM","06/03/2024 09:03PM","06/03/2024 09:00PM - 06/05/2024 12:00PM",38.135,"Yes","6654b0a0bb8cfd1298e48814",,,"no","192.168.166.101","Participant 219","https://adelphiderner.qualtrics.com/jfe/form/SV_3JfpYVRIhGVcv6S?EID=6654b0a0bb8cfd1298e48814"
"06/04/2024 12:36PM","06/04/2024 12:37PM","06/03/2024 09:00PM - 06/05/2024 12:00PM",7.724,"Yes","6653812bbb8cfd1298ded0e1","0.0","0.0","no","10.19.255.205","Participant 220",
"06/03/2024 09:03PM","06/03/2024 09:12PM","06/03/2024 09:00PM - 06/05/2024 12:00PM",539.493,"Yes","6654c7d8bb8cfd1298e5399a","0.0","0.0","no","192.168.1.125","Participant 222",
"06/03/2024 09:01PM","06/03/2024 09:02PM","06/03/2024 09:00PM - 06/05/2024 12:00PM",60.175,"Yes","664fb468e0fe3a9553b26ed8","0.0","0.0","no","192.168.0.227","Participant 223",
"06/05/2024 06:00PM","06/05/2024 06:01PM","06/05/2024 12:00PM - 06/05/2024 11:59PM",22.117,"Yes","664fb468e0fe3a9553b26ed8","0.0","0.0","no","192.168.5.8","Participant 223",
"06/03/2024 09:23PM","06/03/2024 09:31PM","06/03/2024 09:00PM - 06/05/2024 12:00PM",495.364,"Yes","6654c559166f80d1515a39a3",,,"no","192.168.1.197","Participant 224","https://adelphiderner.qualtrics.com/jfe/form/SV_3JfpYVRIhGVcv6S?EID=6654c559166f80d1515a39a3"
"06/03/2024 09:00PM","06/03/2024 09:00PM","06/03/2024 09:00PM - 06/05/2024 12:00PM",13.191,"Yes","66551565bb8cfd1298e6eb1a","0.0","0.0","no","2600:4040:44ed:bd01:f947:1972:1ac9:4d3a","Participant 226",
"06/03/2024 09:11PM","06/03/2024 09:12PM","06/03/2024 09:00PM - 06/05/2024 12:00PM",44.482,"Yes","665521c1bb8cfd1298e74dbd","0.0","0.0","no","192.168.1.6","Participant 227",
"06/03/2024 09:30PM","06/03/2024 09:30PM","06/03/2024 09:00PM - 06/05/2024 12:00PM",7.831,"Yes","6460232c7931520b527193f3","0.0","0.0","no","192.168.1.33","Participant 229",
"06/05/2024 12:00PM","06/05/2024 12:00PM","06/05/2024 12:00PM - 06/05/2024 11:59PM",13.015,"Yes","6460232c7931520b527193f3","0.0","0.0","no","192.168.1.216","Participant 229",
"06/03/2024 09:00PM","06/03/2024 09:00PM","06/03/2024 09:00PM - 06/05/2024 12:00PM",9.639,"Yes","66552993166f80d1515ca460","0.0","0.0","no","2600:1009:a021:bdda:874:9f75:e2fd:2248","Participant 230",
"06/05/2024 12:01PM","06/05/2024 12:01PM","06/05/2024 12:00PM - 06/05/2024 11:59PM",11.899,"Yes","66552993166f80d1515ca460","0.0","0.0","no","2600:1009:a021:bdda:1867:41e5:592d:3983","Participant 230",
"06/03/2024 09:00PM","06/03/2024 09:01PM","06/03/2024 09:00PM - 06/05/2024 12:00PM",18.068,"Yes","665528e5166f80d1515c9ef6","0.0","0.0","no","2600:381:645e:b39c:c4ef:b656:23f7:e109","Participant 231",
"06/03/2024 09:03PM","06/03/2024 09:03PM","06/03/2024 09:00PM - 06/05/2024 12:00PM",22.278,"Yes","6655280f166f80d1515c9b0a",,,"no","100.117.216.61","Participant 232","https://adelphiderner.qualtrics.com/jfe/form/SV_3JfpYVRIhGVcv6S?EID=6655280f166f80d1515c9b0a"
"06/03/2024 09:00PM","06/03/2024 09:00PM","06/03/2024 09:00PM - 06/05/2024 12:00PM",10.676,"Yes","6654d333bb8cfd1298e570ed","0.0","0.0","no","192.168.0.6","Participant 233",
"06/03/2024 11:46PM","06/03/2024 11:46PM","06/03/2024 09:00PM - 06/05/2024 12:00PM",5.305,"Yes","66553f64bb8cfd1298e82e0b",,,"no","192.168.50.210","Participant 234","https://adelphiderner.qualtrics.com/jfe/form/SV_3JfpYVRIhGVcv6S?EID=66553f64bb8cfd1298e82e0b"
"06/03/2024 10:57PM","06/03/2024 10:57PM","06/03/2024 09:00PM - 06/05/2024 12:00PM",13.21,"Yes","66554543bb8cfd1298e8491f",,,"no","192.168.1.253","Participant 235","https://adelphiderner.qualtrics.com/jfe/form/SV_3JfpYVRIhGVcv6S?EID=66554543bb8cfd1298e8491f"
"06/03/2024 09:00PM","06/03/2024 09:19PM","06/03/2024 09:00PM - 06/05/2024 12:00PM",1124.539,"Yes","66554d5bbb8cfd1298e8a0c7",,,"no","192.168.1.152","Participant 236","https://adelphiderner.qualtrics.com/jfe/form/SV_3JfpYVRIhGVcv6S?EID=66554d5bbb8cfd1298e8a0c7"
"06/05/2024 12:47PM","06/05/2024 12:47PM","06/05/2024 12:00PM - 06/05/2024 11:59PM",17.262,"Yes","66554d5bbb8cfd1298e8a0c7",,,"no","192.168.1.152","Participant 236","https://adelphiderner.qualtrics.com/jfe/form/SV_3JfpYVRIhGVcv6S?EID=66554d5bbb8cfd1298e8a0c7"
"06/05/2024 07:14AM","06/05/2024 07:14AM","06/04/2024 09:00PM - 06/06/2024 12:00PM",7.627,"Yes","6655cfeabb8cfd1298ea772a",,,"no","192.168.100.13","Participant 237","https://adelphiderner.qualtrics.com/jfe/form/SV_3JfpYVRIhGVcv6S?EID=6655cfeabb8cfd1298ea772a"
"06/05/2024 06:55AM","06/05/2024 06:55AM","06/04/2024 09:00PM - 06/06/2024 12:00PM",11.496,"Yes","6655ee15166f80d151609eb5",,,"no","192.168.100.13","Participant 239","https://adelphiderner.qualtrics.com/jfe/form/SV_3JfpYVRIhGVcv6S?EID=6655ee15166f80d151609eb5"
"06/05/2024 04:38PM","06/05/2024 04:38PM","06/04/2024 09:00PM - 06/06/2024 12:00PM",16.998,"Yes","6655ef82166f80d15160a602",,,"no","192.0.0.4","Participant 240","https://adelphiderner.qualtrics.com/jfe/form/SV_3JfpYVRIhGVcv6S?EID=6655ef82166f80d15160a602"
"06/06/2024 02:32PM","06/06/2024 02:32PM","06/06/2024 12:00PM - 06/06/2024 11:59PM",17.283,"Yes","6655ef82166f80d15160a602",,,"no","192.0.0.4","Participant 240","https://adelphiderner.qualtrics.com/jfe/form/SV_3JfpYVRIhGVcv6S?EID=6655ef82166f80d15160a602"
"06/05/2024 12:00PM","06/05/2024 12:00PM","06/04/2024 09:00PM - 06/06/2024 12:00PM",21.807,"Yes","6656010fbb8cfd1298ec2165","0.0","0.0","no","10.122.0.58","Participant 241",
"06/05/2024 07:46PM","06/05/2024 07:46PM","06/04/2024 09:00PM - 06/06/2024 12:00PM",9.122,"Yes","645d56298a4f2e5f727a6e7b",,,"no","192.168.0.100","Participant 242","https://adelphiderner.qualtrics.com/jfe/form/SV_3JfpYVRIhGVcv6S?EID=645d56298a4f2e5f727a6e7b"
"06/06/2024 12:02PM","06/06/2024 12:02PM","06/06/2024 12:00PM - 06/06/2024 11:59PM",8.73,"Yes","645d56298a4f2e5f727a6e7b",,,"no","192.168.0.100","Participant 242","https://adelphiderner.qualtrics.com/jfe/form/SV_3JfpYVRIhGVcv6S?EID=645d56298a4f2e5f727a6e7b"
"06/05/2024 12:20PM","06/05/2024 12:20PM","06/04/2024 09:00PM - 06/06/2024 12:00PM",19.662,"Yes","66560260bb8cfd1298ec2d4a","0.0","0.0","no","2607:fb90:df8f:4e30:5c33:1263:792:65cd","Participant 244",
"06/06/2024 12:23PM","06/06/2024 12:23PM","06/06/2024 12:00PM - 06/06/2024 11:59PM",14.546,"Yes","66560260bb8cfd1298ec2d4a","0.0","0.0","no","192.168.1.3","Participant 244",
"06/05/2024 03:54AM","06/05/2024 03:54AM","06/04/2024 09:00PM - 06/06/2024 12:00PM",11.625,"Yes","6656090b166f80d151618845",,,"no","192.168.0.131","Participant 245","https://adelphiderner.qualtrics.com/jfe/form/SV_3JfpYVRIhGVcv6S?EID=6656090b166f80d151618845"
"06/04/2024 09:05PM","06/04/2024 09:05PM","06/04/2024 09:00PM - 06/06/2024 12:00PM",5.362,"Yes","66560d97166f80d15161b87e","0.0","0.0","no","2600:1009:100d:9b06:682b:5fc8:7b98:7b1e","Participant 246",
"06/06/2024 12:01PM","06/06/2024 12:01PM","06/06/2024 12:00PM - 06/06/2024 11:59PM",6.384,"Yes","66560d97166f80d15161b87e","0.0","0.0","no","192.168.1.42","Participant 246",
"06/04/2024 09:13PM","06/04/2024 09:15PM","06/04/2024 09:00PM - 06/06/2024 12:00PM",131.833,"Yes","66561348bb8cfd1298ecc47a",,,"no","192.168.1.115","Participant 247","https://adelphiderner.qualtrics.com/jfe/form/SV_3JfpYVRIhGVcv6S?EID=66561348bb8cfd1298ecc47a"
"06/04/2024 09:00PM","06/04/2024 09:00PM","06/04/2024 09:00PM - 06/06/2024 12:00PM",26.497,"Yes","66561a83166f80d151621a86",,,"no","10.139.34.21","Participant 248","https://adelphiderner.qualtrics.com/jfe/form/SV_3JfpYVRIhGVcv6S?EID=66561a83166f80d151621a86"
"06/06/2024 12:09PM","06/06/2024 12:10PM","06/06/2024 12:00PM - 06/06/2024 11:59PM",75.5,"Yes","66561a83166f80d151621a86",,,"no","10.151.220.162","Participant 248","https://adelphiderner.qualtrics.com/jfe/form/SV_3JfpYVRIhGVcv6S?EID=66561a83166f80d151621a86"
"06/05/2024 07:03AM","06/05/2024 07:03AM","06/04/2024 09:00PM - 06/06/2024 12:00PM",20.307,"Yes","66537f6bbb8cfd1298debd4c",,,"no","192.168.100.13","Participant 250","https://adelphiderner.qualtrics.com/jfe/form/SV_3JfpYVRIhGVcv6S?EID=66537f6bbb8cfd1298debd4c"
"06/04/2024 09:26PM","06/04/2024 09:29PM","06/04/2024 09:00PM - 06/06/2024 12:00PM",158.644,"Yes","6656291abb8cfd1298ed64db",,,"no","192.168.43.1","Participant 251","https://adelphiderner.qualtrics.com/jfe/form/SV_3JfpYVRIhGVcv6S?EID=6656291abb8cfd1298ed64db"
"06/06/2024 07:57PM","06/06/2024 07:57PM","06/06/2024 12:00PM - 06/06/2024 11:59PM",10.504,"Yes","6656291abb8cfd1298ed64db",,,"no","192.168.43.1","Participant 251","https://adelphiderner.qualtrics.com/jfe/form/SV_3JfpYVRIhGVcv6S?EID=6656291abb8cfd1298ed64db"
"06/05/2024 04:49PM","06/05/2024 04:49PM","06/04/2024 09:00PM - 06/06/2024 12:00PM",4.871,"Yes","66563921bb8cfd1298eded48",,,"no","10.94.150.41","Participant 252","https://adelphiderner.qualtrics.com/jfe/form/SV_3JfpYVRIhGVcv6S?EID=66563921bb8cfd1298eded48"
"06/06/2024 10:49AM","06/06/2024 10:49AM","06/05/2024 09:00PM - 06/07/2024 12:00PM",7.143,"Yes","6656aec8166f80d15165f6e2",,,"no","192.168.100.13","Participant 254","https://adelphiderner.qualtrics.com/jfe/form/SV_3JfpYVRIhGVcv6S?EID=6656aec8166f80d15165f6e2"
"06/05/2024 09:05PM","06/05/2024 09:05PM","06/05/2024 09:00PM - 06/07/2024 12:00PM",4.881,"Yes","6656b106166f80d15165fc88",,,"no","10.0.19.73","Participant 255","https://adelphiderner.qualtrics.com/jfe/form/SV_3JfpYVRIhGVcv6S?EID=6656b106166f80d15165fc88"
"06/07/2024 12:00PM","06/07/2024 12:01PM","06/07/2024 12:00PM - 06/07/2024 11:59PM",15.559,"Yes","6656ca1fbb8cfd1298f121d2",,,"no","10.164.112.234","Participant 256","https://adelphiderner.qualtrics.com/jfe/form/SV_3JfpYVRIhGVcv6S?EID=6656ca1fbb8cfd1298f121d2"
"06/05/2024 10:24PM","06/05/2024 10:24PM","06/05/2024 09:00PM - 06/07/2024 12:00PM",15.094,"Yes","66572c94166f80d15167b8c4","0.0","0.0","no","192.168.166.250","Participant 257",
"06/06/2024 05:27PM","06/06/2024 05:27PM","06/05/2024 09:00PM - 06/07/2024 12:00PM",14.224,"Yes","66574eaebb8cfd1298f3d9f2",,,"no","10.189.151.100","Participant 258","https://adelphiderner.qualtrics.com/jfe/form/SV_3JfpYVRIhGVcv6S?EID=66574eaebb8cfd1298f3d9f2"
"06/07/2024 12:17PM","06/07/2024 12:18PM","06/07/2024 12:00PM - 06/07/2024 11:59PM",14.684,"Yes","66568207166f80d151650392",,,"no","192.168.1.67","Participant 259","https://adelphiderner.qualtrics.com/jfe/form/SV_3JfpYVRIhGVcv6S?EID=66568207166f80d151650392"
"06/05/2024 09:00PM","06/05/2024 09:01PM","06/05/2024 09:00PM - 06/07/2024 12:00PM",67.765,"Yes","66579031bb8cfd1298f5bf53",,,"no","102.5.241.115","Participant 260","https://adelphiderner.qualtrics.com/jfe/form/SV_3JfpYVRIhGVcv6S?EID=66579031bb8cfd1298f5bf53"
"06/07/2024 07:21PM","06/07/2024 07:21PM","06/07/2024 12:00PM - 06/07/2024 11:59PM",13.974,"Yes","66579031bb8cfd1298f5bf53",,,"no","10.59.6.201","Participant 260","https://adelphiderner.qualtrics.com/jfe/form/SV_3JfpYVRIhGVcv6S?EID=66579031bb8cfd1298f5bf53"
"06/06/2024 07:05AM","06/06/2024 07:05AM","06/05/2024 09:00PM - 06/07/2024 12:00PM",6.199,"Yes","66579e1d166f80d1516b17b4","0.0","0.0","no","10.23.50.143","Participant 262",
"06/05/2024 09:02PM","06/05/2024 09:02PM","06/05/2024 09:00PM - 06/07/2024 12:00PM",8.33,"Yes","665738e4166f80d151682d16",,,"no","192.168.1.62","Participant 263","https://adelphiderner.qualtrics.com/jfe/form/SV_3JfpYVRIhGVcv6S?EID=665738e4166f80d151682d16"
"06/07/2024 06:15PM","06/07/2024 06:15PM","06/07/2024 12:00PM - 06/07/2024 11:59PM",6.157,"Yes","665738e4166f80d151682d16",,,"no","192.168.1.62","Participant 263","https://adelphiderner.qualtrics.com/jfe/form/SV_3JfpYVRIhGVcv6S?EID=665738e4166f80d151682d16"
"06/07/2024 07:15AM","06/07/2024 07:16AM","06/06/2024 09:00PM - 06/08/2024 12:00PM",5.882,"Yes","665802d0bb8cfd1298f87086",,,"no","192.168.100.13","Participant 264","https://adelphiderner.qualtrics.com/jfe/form/SV_3JfpYVRIhGVcv6S?EID=665802d0bb8cfd1298f87086"
"06/08/2024 03:03PM","06/08/2024 03:03PM","06/08/2024 12:00PM - 06/08/2024 11:59PM",7.159,"Yes","665802d0bb8cfd1298f87086",,,"no","10.163.72.165","Participant 264","https://adelphiderner.qualtrics.com/jfe/form/SV_3JfpYVRIhGVcv6S?EID=665802d0bb8cfd1298f87086"
"06/06/2024 10:29PM","06/06/2024 10:29PM","06/06/2024 09:00PM - 06/08/2024 12:00PM",19.743,"Yes","66581e05bb8cfd1298f8b260",,,"no","10.163.73.213","Participant 266","https://adelphiderner.qualtrics.com/jfe/form/SV_3JfpYVRIhGVcv6S?EID=66581e05bb8cfd1298f8b260"
"06/08/2024 02:44PM","06/08/2024 02:51PM","06/08/2024 12:00PM - 06/08/2024 11:59PM",429.421,"Yes","66581e05bb8cfd1298f8b260",,,"no","100.108.221.52","Participant 266","https://adelphiderner.qualtrics.com/jfe/form/SV_3JfpYVRIhGVcv6S?EID=66581e05bb8cfd1298f8b260"
"06/06/2024 10:13PM","06/06/2024 10:13PM","06/06/2024 09:00PM - 06/08/2024 12:00PM",43.635,"Yes","66582321166f80d1516dd89f",,,"no","10.162.188.83","Participant 267","https://adelphiderner.qualtrics.com/jfe/form/SV_3JfpYVRIhGVcv6S?EID=66582321166f80d1516dd89f"
"06/06/2024 11:03PM","06/06/2024 11:03PM","06/06/2024 09:00PM - 06/08/2024 12:00PM",5.915,"Yes","6658282fbb8cfd1298f8d1d1",,,"no","10.163.73.213","Participant 268","https://adelphiderner.qualtrics.com/jfe/form/SV_3JfpYVRIhGVcv6S?EID=6658282fbb8cfd1298f8d1d1"
"06/06/2024 11:14PM","06/06/2024 11:14PM","06/06/2024 09:00PM - 06/08/2024 12:00PM",7.467,"Yes","66582c50bb8cfd1298f8df62",,,"no","10.163.73.213","Participant 269","https://adelphiderner.qualtrics.com/jfe/form/SV_3JfpYVRIhGVcv6S?EID=66582c50bb8cfd1298f8df62"
"06/06/2024 09:42PM","06/06/2024 09:42PM","06/06/2024 09:00PM - 06/08/2024 12:00PM",11.68,"Yes","6658302f166f80d1516dffb7",,,"no","154.78.166.241","Participant 270","https://adelphiderner.qualtrics.com/jfe/form/SV_3JfpYVRIhGVcv6S?EID=6658302f166f80d1516dffb7"
"06/06/2024 10:39PM","06/06/2024 10:40PM","06/06/2024 09:00PM - 06/08/2024 12:00PM",35.965,"Yes","66583651bb8cfd1298f8ff19",,,"no","10.163.73.213","Participant 271","https://adelphiderner.qualtrics.com/jfe/form/SV_3JfpYVRIhGVcv6S?EID=66583651bb8cfd1298f8ff19"
"06/06/2024 09:43PM","06/06/2024 09:44PM","06/06/2024 09:00PM - 06/08/2024 12:00PM",9.202,"Yes","66583bfd166f80d1516e3964",,,"no","154.78.166.241","Participant 272","https://adelphiderner.qualtrics.com/jfe/form/SV_3JfpYVRIhGVcv6S?EID=66583bfd166f80d1516e3964"
"06/06/2024 10:51PM","06/06/2024 10:52PM","06/06/2024 09:00PM - 06/08/2024 12:00PM",10.324,"Yes","66583e54bb8cfd1298f93299",,,"no","10.163.73.213","Participant 273","https://adelphiderner.qualtrics.com/jfe/form/SV_3JfpYVRIhGVcv6S?EID=66583e54bb8cfd1298f93299"
"06/06/2024 10:26PM","06/06/2024 10:27PM","06/06/2024 09:00PM - 06/08/2024 12:00PM",33.275,"Yes","66577d4cbb8cfd1298f551a2",,,"no","10.47.140.170","Participant 274","https://adelphiderner.qualtrics.com/jfe/form/SV_3JfpYVRIhGVcv6S?EID=66577d4cbb8cfd1298f551a2"